{"task-continuity-sync-after-tab-change-rollout-40":{"slug":"task-continuity-sync-after-tab-change-rollout-40","branch":{"slug":"sync-after-tab","ratio":1,"feature":{"value":{},"enabled":false,"featureId":"this-is-included-for-desktop-pre-95-support"},"features":[{"value":{"syncDelayAfterTabChange":5000},"enabled":true,"featureId":"syncAfterTabChange"}]},"active":true,"enrollmentId":"37aaf954-5f48-410a-b89f-c2d1c7e40939","experimentType":"nimbus","source":"rs-loader","userFacingName":"Task Continuity - Sync after tab change Rollout 40%","userFacingDescription":"Increase frequency of syncing after tab changes","lastSeen":"2022-12-15T14:06:19.954Z","featureIds":["syncAfterTabChange"],"prefs":[],"isRollout":false}}