{"schema":6,"addons":[{"id":"chrome-gnome-shell@gnome.org","icons":{"32":"https://addons.mozilla.org/user-media/addon_icons/751/751081-32.png?modified=1657695640","64":"https://addons.mozilla.org/user-media/addon_icons/751/751081-64.png?modified=1657695640","128":"https://addons.mozilla.org/user-media/addon_icons/751/751081-128.png?modified=1657695640"},"type":"extension","name":"GNOME Shell integration","version":"11.1","creator":{"name":"Yuri Konotopov","url":"https://addons.mozilla.org/en-US/firefox/user/12725919/"},"developers":[],"description":"This extension provides integration with GNOME Shell and the corresponding extensions repository https://extensions.gnome.org","fullDescription":"You MUST install native connector for this extension to work.\n\nFor Arch Linux, Debian, Fedora, Gentoo and Ubuntu you can install package named \"chrome-gnome-shell\".\n\nYou also can install connector manually. See https://wiki.gnome.org/Projects/GnomeShellIntegrationForChrome/Installation for install instructions.","screenshots":[{"url":"https://addons.mozilla.org/user-media/previews/full/183/183915.png?modified=1622132636","width":700,"height":438,"thumbnailURL":"https://addons.mozilla.org/user-media/previews/thumbs/183/183915.jpg?modified=1622132636","thumbnailWidth":533,"thumbnailHeight":334}],"homepageURL":"https://wiki.gnome.org/Projects/GnomeShellIntegrationForChrome","supportURL":"https://gitlab.gnome.org/GNOME/gnome-browser-extension","contributionURL":"","averageRating":4.3348,"reviewCount":77,"reviewURL":"https://addons.mozilla.org/en-US/firefox/addon/gnome-shell-integration/reviews/","weeklyDownloads":1150,"sourceURI":"https://addons.mozilla.org/firefox/downloads/file/3974897/gnome_shell_integration-11.1.xpi","updateDate":1657643125000},{"id":"uBlock0@raymondhill.net","icons":{"32":"https://addons.mozilla.org/user-media/addon_icons/607/607454-32.png?modified=mcrushed","64":"https://addons.mozilla.org/user-media/addon_icons/607/607454-64.png?modified=mcrushed","128":"https://addons.mozilla.org/user-media/addon_icons/607/607454-128.png?modified=mcrushed"},"type":"extension","name":"uBlock Origin","version":"1.45.2","creator":{"name":"Raymond Hill","url":"https://addons.mozilla.org/en-US/firefox/user/11423598/"},"developers":[],"description":"Finally, an efficient wide-spectrum content blocker. Easy on CPU and memory.","fullDescription":"uBlock Origin is not an \"ad blocker\", it's a wide-spectrum content blocker with CPU and memory efficiency as a primary feature.\n\n***\n\nOut of the box, uBO blocks ads, trackers, coin miners, popups, etc. through the following lists of filters, enabled by default:\n\n- EasyList (ads)\n- EasyPrivacy (tracking)\n- Peter Lowe’s Ad server list (ads and tracking)\n- Online Malicious URL Blocklist\n- uBO's own lists\n\nMore lists are available for you to select if you wish:\n\n- EasyList Cookie\n- Fanboy Annoyances\n- AdGuard Annoyances\n- Dan Pollock’s hosts file\n- And many others\n\nAdditionally, you can point-and-click to block JavaScript locally or globally, create your own global or local rules to override entries from filter lists, and many more advanced features.\n\n***\n\nFree.\nOpen source with public license (GPLv3)\nFor users by users.\n\nIf ever you really do want to contribute something, think about the people working hard to maintain the filter lists you are using, which were made available to use by all for free.\n\n***\n\n    Documentation\n    Release notes\n    Community support @ Reddit\n    Contributors @ GitHub\n    Contributors @ Crowdin","screenshots":[{"url":"https://addons.mozilla.org/user-media/previews/full/238/238546.png?modified=1622132421","width":1011,"height":758,"thumbnailURL":"https://addons.mozilla.org/user-media/previews/thumbs/238/238546.jpg?modified=1622132421","thumbnailWidth":533,"thumbnailHeight":400,"caption":"The popup panel: default mode"},{"url":"https://addons.mozilla.org/user-media/previews/full/238/238548.png?modified=1622132423","width":1011,"height":758,"thumbnailURL":"https://addons.mozilla.org/user-media/previews/thumbs/238/238548.jpg?modified=1622132423","thumbnailWidth":533,"thumbnailHeight":400,"caption":"The dashboard: stock filter lists"},{"url":"https://addons.mozilla.org/user-media/previews/full/238/238547.png?modified=1622132425","width":1011,"height":758,"thumbnailURL":"https://addons.mozilla.org/user-media/previews/thumbs/238/238547.jpg?modified=1622132425","thumbnailWidth":533,"thumbnailHeight":400,"caption":"The popup panel: default-deny mode"},{"url":"https://addons.mozilla.org/user-media/previews/full/238/238549.png?modified=1622132426","width":1011,"height":758,"thumbnailURL":"https://addons.mozilla.org/user-media/previews/thumbs/238/238549.jpg?modified=1622132426","thumbnailWidth":533,"thumbnailHeight":400,"caption":"The dashboard: settings"},{"url":"https://addons.mozilla.org/user-media/previews/full/238/238552.png?modified=1622132430","width":970,"height":1800,"thumbnailURL":"https://addons.mozilla.org/user-media/previews/thumbs/238/238552.jpg?modified=1622132430","thumbnailWidth":216,"thumbnailHeight":400,"caption":"The popup panel in Firefox Preview: default mode with more blocking options revealed"},{"url":"https://addons.mozilla.org/user-media/previews/full/230/230370.png?modified=1622132432","width":800,"height":600,"thumbnailURL":"https://addons.mozilla.org/user-media/previews/thumbs/230/230370.jpg?modified=1622132432","thumbnailWidth":533,"thumbnailHeight":400,"caption":"The unified logger tells you all that uBO is seeing and doing"}],"homepageURL":"https://github.com/gorhill/uBlock#ublock-origin","supportURL":"https://old.reddit.com/r/uBlockOrigin/","contributionURL":"","averageRating":4.7783,"reviewCount":3855,"reviewURL":"https://addons.mozilla.org/en-US/firefox/addon/ublock-origin/reviews/","weeklyDownloads":147294,"sourceURI":"https://addons.mozilla.org/firefox/downloads/file/4028976/ublock_origin-1.45.2.xpi","updateDate":1671129620000},{"id":"jid1-MnnxcxisBPnSXQ@jetpack","icons":{"32":"https://addons.mozilla.org/user-media/addon_icons/506/506646-32.png?modified=mcrushed","64":"https://addons.mozilla.org/user-media/addon_icons/506/506646-64.png?modified=mcrushed","128":"https://addons.mozilla.org/user-media/addon_icons/506/506646-128.png?modified=mcrushed"},"type":"extension","name":"Privacy Badger","version":"2022.9.27","creator":{"name":"EFF Technologists","url":"https://addons.mozilla.org/en-US/firefox/user/5474073/"},"developers":[],"description":"Automatically learns to block invisible trackers.","fullDescription":"Privacy Badger automatically learns to block invisible trackers. Instead of keeping lists of what to block, Privacy Badger automatically discovers trackers based on their behavior.\n\nPrivacy Badger sends the Global Privacy Control signal to opt you out of data sharing and selling, and the Do Not Track signal to tell companies not to track you. If trackers ignore your wishes, Privacy Badger will learn to block them.\n\nBesides automatic tracker blocking, Privacy Badger replaces potentially useful trackers (video players, comments widgets, etc.) with click-to-activate placeholders, and removes outgoing link click tracking on Facebook and Google, with more privacy protections on the way.\n\nTo learn more, see the FAQ on Privacy Badger's homepage.","screenshots":[{"url":"https://addons.mozilla.org/user-media/previews/full/225/225184.png?modified=1622132341","width":1920,"height":1080,"thumbnailURL":"https://addons.mozilla.org/user-media/previews/thumbs/225/225184.jpg?modified=1622132341","thumbnailWidth":533,"thumbnailHeight":300,"caption":"Privacy Badger is a project of the Electronic Frontier Foundation"},{"url":"https://addons.mozilla.org/user-media/previews/full/171/171793.png?modified=1622132342","width":700,"height":394,"thumbnailURL":"https://addons.mozilla.org/user-media/previews/thumbs/171/171793.jpg?modified=1622132342","thumbnailWidth":533,"thumbnailHeight":300,"caption":"Privacy Badger at work on the whitehouse.gov privacy policy page."}],"homepageURL":"https://privacybadger.org/","supportURL":"https://privacybadger.org/#faq","contributionURL":"https://paypal.me/SupportEFF?utm_content=product-page-contribute&utm_medium=referral&utm_source=addons.mozilla.org","averageRating":4.7979,"reviewCount":422,"reviewURL":"https://addons.mozilla.org/en-US/firefox/addon/privacy-badger17/reviews/","weeklyDownloads":19175,"sourceURI":"https://addons.mozilla.org/firefox/downloads/file/4008174/privacy_badger17-2022.9.27.xpi","updateDate":1664351703000},{"id":"{3e4d2037-d300-4e95-859d-3cba866f46d3}","icons":{"32":"https://addons.mozilla.org/user-media/addon_icons/960/960497-32.png?modified=a9869e4b","64":"https://addons.mozilla.org/user-media/addon_icons/960/960497-64.png?modified=a9869e4b","128":"https://addons.mozilla.org/user-media/addon_icons/960/960497-128.png?modified=a9869e4b"},"type":"extension","name":"Private Internet Access","version":"2.1.4.2","creator":{"name":"PrivateInternetAccess","url":"https://addons.mozilla.org/en-US/firefox/user/13928190/"},"developers":[],"description":"Defeat censorship, unblock any website and access the open Internet the way it was meant to be with Private Internet Access®","fullDescription":"Defeat censorship, unblock any website and access the open Internet the way it was meant to be with Private Internet Access®\nDefeat censorship, unblock any website and access the open Internet the way it was meant to be with the Private Internet Access® Firefox extension.\n\nProtect your privacy with Private Internet Access®, the world’s leading VPN service and secure proxy for Firefox users. PIA enables users to encrypt their network traffic and stay protected when online. Add privacy and security to private and public networks when you access the Internet at WiFi hotspots. All you have to do is install the Firefox extension, login with your Private Internet Access subscription credentials, flip the on switch and you’ll be protected.\n\nThe Private Internet Access Firefox extension features:\n\n- WebRTC blocking\n- Sort gateways by latency\n- Website URL whitelist\n- Easy on/off switch\n\nPrivate Internet Access features:\n\n- IP Cloaking. Your IP address will be changed to a Private Internet Access IP address to hide your identity and location. Hide your IP address to stop data trackers, snoopers, and hackers from tracking your browsing and search activity. Changing your IP address allows you to blend in with the crowd. Choose from 45 locations in 28 countries to tunnel your traffic through.\n\n- Data Encryption. Get Public WiFi security in hotspots, coffee shops, cafes, hotels, and airports. Without encryption, your data can be as available as public TV. Our trusted VPN service and secure proxy creates several security layers which protect you and prevent access to your data.\n\n- Internet Access. Access blocked or censored websites. Unlock your favorite sites from anywhere.\n\nWhy should you use the Private Internet Access VPN and the Firefox extension?\n\n- We lead the industry with our low price. Private Internet Access only costs $3.33 per month if you purchase a yearly account (39.95/year) or $6.95 on a monthly basis.\n\n- We have been a reliable and trusted VPN provider since 2010 and have a proven no log policy.\n\n- We truly believe in your privacy because: “Privacy is our Policy.” Here at PIA, we not only provide a great VPN service at a low price, but we also support organizations like the Electronic Frontier Foundation, FightForTheFuture, and many others.\n\nSign up for Private Internet Access today and enjoy:\n\n- High speed\n- Unlimited bandwidth\n- 5 devices connected simultaneously\n- No traffic logs\n- 24/7 customers support\n\nEditorial Reviews:\n\nPrivate Internet Access VPN service has been featured in Wired, PC Magazine, HowToGeek, Lifehacker, Business Insider, TorrentFreak, and more!\n\n\"Private Internet Access, one of Lifehacker readers' favorite VPN service providers, makes it easy to surf privately and securely from anywhere.\" – Lifehacker.com\n\n\"There have been several Editors' Choice VPN services recently, as one product tops the next, but Private Internet Access out-performs and out-features the competition. With 4.5 stars, Private Internet Access sets the bar high and is truly the Editors' Choice, trumping all our previous favorites.\" -- PC Magazine\n\n“When shopping for a VPN service, it is recommended to find a service that does not log its customers’ traffic and prevents an anonymity-unmasking issue known as IPv6 leakage. Private Internet Access carries that level of security.” – Wired.com\n\n“To that end we highly recommend, Private Internet Access- a great VPN provider that we’re not only recommended before, but use ourselves”. – HowToGeek.com\n\nAbout Private Internet Access:\n\nPrivate Internet Access (PIA), is the leading no-log VPN service provider in the world. PIA believes that access to an open internet is a fundamental human right and donates effusively to causes such as EFF and FFTF to promote privacy causes internationally. PIA has over 3,200 servers in 24 countries that provide reliable, encrypted VPN tunnel gateways for whatever the use case. Please visit their website at https://www.privateinternetaccess.com for more information.\n\nInteract with us on social media:\n\nTwitter: https://twitter.com/buyvpnservice\n\nFacebook: https://www.facebook.com/privateinternetaccess/\n\nYoutube: https://www.youtube.com/user/vpnservice\n\nGoogle Plus: https://plus.google.com/+Privateinternetaccess\n\nSupport: https://www.privateinternetaccess.com/helpdesk/","screenshots":[{"url":"https://addons.mozilla.org/user-media/previews/full/200/200556.png?modified=1622133127","width":1400,"height":1050,"thumbnailURL":"https://addons.mozilla.org/user-media/previews/thumbs/200/200556.jpg?modified=1622133127","thumbnailWidth":533,"thumbnailHeight":400,"caption":"Private Internet Access"},{"url":"https://addons.mozilla.org/user-media/previews/full/200/200557.png?modified=1622133130","width":1400,"height":1050,"thumbnailURL":"https://addons.mozilla.org/user-media/previews/thumbs/200/200557.jpg?modified=1622133130","thumbnailWidth":533,"thumbnailHeight":400,"caption":"Protect your identity and Privacy"},{"url":"https://addons.mozilla.org/user-media/previews/full/200/200558.png?modified=1622133134","width":1400,"height":1050,"thumbnailURL":"https://addons.mozilla.org/user-media/previews/thumbs/200/200558.jpg?modified=1622133134","thumbnailWidth":533,"thumbnailHeight":400,"caption":"Unblock censorship filters by changing location"},{"url":"https://addons.mozilla.org/user-media/previews/full/200/200559.png?modified=1622133137","width":1400,"height":1050,"thumbnailURL":"https://addons.mozilla.org/user-media/previews/thumbs/200/200559.jpg?modified=1622133137","thumbnailWidth":533,"thumbnailHeight":400,"caption":"Block ads, trackers, and malware with PIA MACE™"}],"homepageURL":"https://privateinternetaccess.com/","supportURL":"https://www.privateinternetaccess.com/helpdesk/","contributionURL":"","averageRating":3.5522,"reviewCount":145,"reviewURL":"https://addons.mozilla.org/en-US/firefox/addon/private-internet-access-ext/reviews/","weeklyDownloads":846,"sourceURI":"https://addons.mozilla.org/firefox/downloads/file/3502793/private_internet_access_ext-2.1.4.2.xpi","updateDate":1581596134000},{"id":"{b7303beb-09e0-48e1-88bc-0de02b7b60ef}","icons":{"32":"https://addons.mozilla.org/user-media/addon_icons/1000/1000953-32.png?modified=d4b7fd1b","64":"https://addons.mozilla.org/user-media/addon_icons/1000/1000953-64.png?modified=d4b7fd1b","128":"https://addons.mozilla.org/user-media/addon_icons/1000/1000953-128.png?modified=d4b7fd1b"},"type":"extension","name":"Debug CSS","version":"1.0","creator":{"name":"Pranay Joshi","url":"https://addons.mozilla.org/en-US/firefox/user/14292446/"},"developers":[],"description":"Adds outline to all elements on the page to show the culprit element which is changing desired layout\n\nhit `Alt+Shift+C ` key to toggle the extension","fullDescription":"Adds outline to all elements on the page to show the culprit element which is changing desired layout\n# Debug CSS\n\nA lightweight extension for Mozilla Firefox to show outline of all the element exist on page.\n\nwhile working on web page development the one of the difficult part is to position the element as required and check which element affecting the other one.\n\nThis Mozilla Firefox extension allows user to see outline on every element of the page. Hold the keyboard Ctrl button and hover element it will show the element details along with the value.\n\n----------\n\n# Usage\n\nPost installation simply click on the extension icon to turn it On or Off.\n\nIf you are a keyboard shortcut lover like me simply hit `Alt+Shift+C ` key to toggle the extension.\n\n\n----------\n\n# How it works?\n\nThis extension works on CSS outline attribute:\n\nadd the below code snippet in any CSS of a web page\n\n\n`\n* {\noutline: 1px solid red;\n}`\n\nThe extension does the same the only thing is; it gives different color to different element(s) while the code snippet adds red outline to every element.\n\n----------\n\n# Other work and repository\n\n[A lightweight customizable plugin for jQuery to show horizontal length in form of vertical progress bar.](https://github.com/pranayjoshicse/VerLim.js)\n\n\n[listed on jqueryscript.net](https://www.jqueryscript.net/other/Simple-Custom-Reading-Indicator-with-jQuery-VerLim-js.html)\n\n[Demo](https://www.jqueryscript.net/demo/Simple-Custom-Reading-Indicator-with-jQuery-VerLim-js/)\n\n\n----------\n\n# More about me\n\n[twitter.](https://twitter.com/pranayjoshicse)\n[about me.](https://about.me/pranayjoshi)","screenshots":[{"url":"https://addons.mozilla.org/user-media/previews/full/208/208816.png?modified=1622133686","width":2048,"height":1107,"thumbnailURL":"https://addons.mozilla.org/user-media/previews/thumbs/208/208816.jpg?modified=1622133686","thumbnailWidth":533,"thumbnailHeight":288},{"url":"https://addons.mozilla.org/user-media/previews/full/208/208817.png?modified=1622133693","width":2048,"height":1107,"thumbnailURL":"https://addons.mozilla.org/user-media/previews/thumbs/208/208817.jpg?modified=1622133693","thumbnailWidth":533,"thumbnailHeight":288}],"homepageURL":null,"supportURL":null,"contributionURL":"","averageRating":4.625,"reviewCount":3,"reviewURL":"https://addons.mozilla.org/en-US/firefox/addon/pranay-joshi/reviews/","weeklyDownloads":39,"sourceURI":"https://addons.mozilla.org/firefox/downloads/file/1092215/pranay_joshi-1.0.xpi","updateDate":1538132708000},{"id":"{b9db16a4-6edc-47ec-a1f4-b86292ed211d}","icons":{"32":"https://addons.mozilla.org/user-media/addon_icons/3/3006-32.png?modified=mcrushed","64":"https://addons.mozilla.org/user-media/addon_icons/3/3006-64.png?modified=mcrushed","128":"https://addons.mozilla.org/user-media/addon_icons/3/3006-128.png?modified=mcrushed"},"type":"extension","name":"Video DownloadHelper","version":"7.6.6","creator":{"name":"mig","url":"https://addons.mozilla.org/en-US/firefox/user/32479/"},"developers":[],"description":"The easy way to download and convert Web videos from hundreds of YouTube-like sites.","fullDescription":"Video DownloadHelper is the most complete tool for extracting videos and image files from websites and saving them to your hard drive.\n\nJust surf the web as you normally do. When DownloadHelper detects embedded videos it can access for download, the toolbar icon highlights and a simple menu allows you to download files by simply clicking an item.\n\nFor instance, if you go to a YouTube page, you'll be able to download the video directly on your file system. It also works with most other popular video sites like DailyMotion, Facebook, Periscope, Vimeo, Twitch, Liveleak, Vine, UStream, Fox, Bloomberg, RAI, France 2-3, Break, Metacafe, and thousands of others.\n\nVideo DownloadHelper supports several types of streamings, making the add-on unique amongst Video downloaders: HTTP, HLS, DASH, … Whenever a site uses a non-supported streaming technology, Video DownloadHelper is able to capture the media directly from the screen and generate a video file.\n\nBesides downloading, Video DownloadHelper is also capable of making file conversions (i.e. change audio and video formats) and aggregation (combining separate audio and video into a single file). This is an upgrade feature that helps pay for the free stuff (we need to eat too). You are not compelled to use conversion for downloading videos from websites, and you can avoid picking variants marked as ADP to avoid the need for aggregation.\n\nVideo overview on how to use Video DownloadHelper: https://www.youtube.com/watch?v=mZT8yI60k_4\n\nSupport can be obtained from the dedicated support forum.\n\nPlease stay tuned by following us on Twitter (@downloadhelper), or Facebook.","screenshots":[{"url":"https://addons.mozilla.org/user-media/previews/full/25/25993.png?modified=1622132280","width":200,"height":150,"thumbnailURL":"https://addons.mozilla.org/user-media/previews/thumbs/25/25993.jpg?modified=1622132280","thumbnailWidth":200,"thumbnailHeight":150,"caption":"Video DownloadHelper"},{"url":"https://addons.mozilla.org/user-media/previews/full/154/154820.png?modified=1622132280","width":327,"height":124,"thumbnailURL":"https://addons.mozilla.org/user-media/previews/thumbs/154/154820.jpg?modified=1622132280","thumbnailWidth":327,"thumbnailHeight":124,"caption":"Video DownloadHelper animated toobar icon"},{"url":"https://addons.mozilla.org/user-media/previews/full/154/154824.png?modified=1622132280","width":250,"height":200,"thumbnailURL":"https://addons.mozilla.org/user-media/previews/thumbs/154/154824.jpg?modified=1622132280","thumbnailWidth":250,"thumbnailHeight":200,"caption":"Video DownloadHelper main panel"},{"url":"https://addons.mozilla.org/user-media/previews/full/154/154822.png?modified=1622132280","width":361,"height":289,"thumbnailURL":"https://addons.mozilla.org/user-media/previews/thumbs/154/154822.jpg?modified=1622132280","thumbnailWidth":361,"thumbnailHeight":289,"caption":"Video DownloadHelper main panel"},{"url":"https://addons.mozilla.org/user-media/previews/full/154/154826.png?modified=1622132281","width":320,"height":317,"thumbnailURL":"https://addons.mozilla.org/user-media/previews/thumbs/154/154826.jpg?modified=1622132281","thumbnailWidth":320,"thumbnailHeight":317,"caption":"Video DownloadHelper available actions"},{"url":"https://addons.mozilla.org/user-media/previews/full/154/154828.png?modified=1622132281","width":293,"height":250,"thumbnailURL":"https://addons.mozilla.org/user-media/previews/thumbs/154/154828.jpg?modified=1622132281","thumbnailWidth":293,"thumbnailHeight":250,"caption":"Video DownloadHelper quality variants settings"}],"homepageURL":"http://www.downloadhelper.net/","supportURL":"http://www.downloadhelper.net/support.php","contributionURL":"","averageRating":4.2854,"reviewCount":13810,"reviewURL":"https://addons.mozilla.org/en-US/firefox/addon/video-downloadhelper/reviews/","weeklyDownloads":65681,"sourceURI":"https://addons.mozilla.org/firefox/downloads/file/4040817/video_downloadhelper-7.6.6.xpi","updateDate":1670502520000},{"id":"{446900e4-71c2-419f-a6a7-df9c091e268b}","icons":{"32":"https://addons.mozilla.org/user-media/addon_icons/735/735894-32.png?modified=27707d93","64":"https://addons.mozilla.org/user-media/addon_icons/735/735894-64.png?modified=27707d93","128":"https://addons.mozilla.org/user-media/addon_icons/735/735894-128.png?modified=27707d93"},"type":"extension","name":"Bitwarden - Free Password Manager","version":"2022.12.0","creator":{"name":"Bitwarden Inc.","url":"https://addons.mozilla.org/en-US/firefox/user/12533945/"},"developers":[],"description":"A secure and free password manager for all of your devices.","fullDescription":"Bitwarden, Inc. is the parent company of 8bit Solutions LLC.\n\nNAMED BEST PASSWORD MANAGER BY THE VERGE, U.S. NEWS & WORLD REPORT, CNET, AND MORE.\n\nManage, store, secure, and share unlimited passwords across unlimited devices from anywhere. Bitwarden delivers open source password management solutions to everyone, whether at home, at work, or on the go.\n\nGenerate strong, unique, and random passwords based on security requirements for every website you frequent.\n\nBitwarden Send quickly transmits encrypted information --- files and plaintext -- directly to anyone.\n\nBitwarden offers Teams and Enterprise plans for companies so you can securely share passwords with colleagues.\n\nWhy Choose Bitwarden:\n\nWorld-Class Encryption\nPasswords are protected with advanced end-to-end encryption (AES-256 bit, salted hashtag, and PBKDF2 SHA-256) so your data stays secure and private.\n\nBuilt-in Password Generator\nGenerate strong, unique, and random passwords based on security requirements for every website you frequent.\n\nGlobal Translations\nBitwarden translations exist in 40 languages and are growing, thanks to our global community.\n\nCross-Platform Applications\nSecure and share sensitive data within your Bitwarden Vault from any browser, mobile device, or desktop OS, and more.","screenshots":[{"url":"https://addons.mozilla.org/user-media/previews/full/253/253114.png?modified=1622132561","width":2400,"height":1500,"thumbnailURL":"https://addons.mozilla.org/user-media/previews/thumbs/253/253114.jpg?modified=1622132561","thumbnailWidth":533,"thumbnailHeight":333,"caption":"Manage and store your passwords from an end-to-end encrypted Vault"},{"url":"https://addons.mozilla.org/user-media/previews/full/253/253115.png?modified=1622132569","width":2400,"height":1500,"thumbnailURL":"https://addons.mozilla.org/user-media/previews/thumbs/253/253115.jpg?modified=1622132569","thumbnailWidth":533,"thumbnailHeight":333,"caption":"Sync all of your passwords across multiple devices"},{"url":"https://addons.mozilla.org/user-media/previews/full/253/253116.png?modified=1622132576","width":2400,"height":1500,"thumbnailURL":"https://addons.mozilla.org/user-media/previews/thumbs/253/253116.jpg?modified=1622132576","thumbnailWidth":533,"thumbnailHeight":333,"caption":"Quickly generate secure passwords"},{"url":"https://addons.mozilla.org/user-media/previews/full/253/253117.png?modified=1622132582","width":2400,"height":1500,"thumbnailURL":"https://addons.mozilla.org/user-media/previews/thumbs/253/253117.jpg?modified=1622132582","thumbnailWidth":533,"thumbnailHeight":333,"caption":"Save time with autofill"},{"url":"https://addons.mozilla.org/user-media/previews/full/253/253118.png?modified=1622132589","width":2400,"height":1500,"thumbnailURL":"https://addons.mozilla.org/user-media/previews/thumbs/253/253118.jpg?modified=1622132589","thumbnailWidth":533,"thumbnailHeight":333}],"homepageURL":"https://bitwarden.com","supportURL":"https://bitwarden.com","contributionURL":"","averageRating":4.8101,"reviewCount":1933,"reviewURL":"https://addons.mozilla.org/en-US/firefox/addon/bitwarden-password-manager/reviews/","weeklyDownloads":17885,"sourceURI":"https://addons.mozilla.org/firefox/downloads/file/4043600/bitwarden_password_manager-2022.12.0.xpi","updateDate":1671194300000},{"id":"adguardadblocker@adguard.com","icons":{"32":"https://addons.mozilla.org/user-media/addon_icons/520/520576-32.png?modified=mcrushed","64":"https://addons.mozilla.org/user-media/addon_icons/520/520576-64.png?modified=mcrushed","128":"https://addons.mozilla.org/user-media/addon_icons/520/520576-128.png?modified=mcrushed"},"name":"AdGuard AdBlocker","version":"4.1.52","sourceURI":"https://addons.mozilla.org/firefox/downloads/file/4043471/adguard_adblocker-4.1.52.xpi","homepageURL":"http://adguard.com/","supportURL":"https://adguard.com/","description":"Unmatched adblock extension against advertising and pop-ups. Blocks ads on Facebook, Youtube and all other websites.","fullDescription":"AdGuard ad blocker effectively blocks all types of ads on all web pages, even on Facebook, YouTube, and others!\n\nWhat AdGuard ad blocker does:\n\n1. Blocks all ads: video ads (including YouTube video ads), rich media advertising, unwanted pop-ups, banners and text ads (including Facebook advertisements);\n2. Speeds up page loading and saves bandwidth, thanks to the missing ads and pop up windows;\n3. Blocks many spyware, adware, and dialer installers;\n4. Protects your privacy by blocking common third-party tracking systems;\n5. Protects you from malware and phishing.\n\nHow can AdGuard ad blocker protect your privacy?\n\nJust enable Tracking Protection filter in AdGuard settings. It completely removes all forms of tracking from the Internet. AdGuard has one of the largest tracker filters containing more than 5,000 rules.\n\nHow to remove social media with AdGuard?\n\nTired of all the «Like» buttons and similar widgets infesting all of your frequented web pages? Just enable AdGuard \"Social media filter\" and forget about them.\n\nHow can AdGuard ad blocker protect you from online threats?\n\nAt the moment we’ve got more than 2,000,000 harmful websites on record. AdGuard can block domains known to spread malware, protecting your computer against viruses, Trojan horses, worms, spyware, and adware. AdGuard really lowers the risk of virus infections and prohibits access to harmful websites to prevent potential attacks.\n\nWhy does AdGuard require permissions?\n\n    Access your data for all websites and Access browser tabs: both permissions are necessary for AdGuard to apply all kinds of cosmetic processing to the pages content. Naive ad blocking would simply block ad servers, and leave broken elements and first-party ads on the pages. AdGuard applies special cosmetic rules to make pages look clean and tidy.\n    Access browser activity during navigation: this permission is necessary to keep track of navigation events in order to apply rules when the time is right.\n\n\n==============================\n\nRelease notes:\nhttps://github.com/AdguardTeam/AdguardBrowserExtension/releases\n\n==============================\n\nFree and Open Source:\nhttps://github.com/AdguardTeam/AdguardBrowserExtension\n\n==============================\n\nFound a bug? Have a problem and need help? Visit our forum: https://forum.adguard.com/","weeklyDownloads":25188,"type":"extension","creator":{"name":"Adguard Software Ltd","url":"https://addons.mozilla.org/en-US/firefox/user/10901440/"},"developers":[],"screenshots":[{"url":"https://addons.mozilla.org/user-media/previews/full/267/267385.png?modified=1647351376","width":1280,"height":800,"thumbnailURL":"https://addons.mozilla.org/user-media/previews/thumbs/267/267385.jpg?modified=1647351376","thumbnailWidth":533,"thumbnailHeight":333},{"url":"https://addons.mozilla.org/user-media/previews/full/267/267386.png?modified=1647351376","width":1280,"height":800,"thumbnailURL":"https://addons.mozilla.org/user-media/previews/thumbs/267/267386.jpg?modified=1647351376","thumbnailWidth":533,"thumbnailHeight":333},{"url":"https://addons.mozilla.org/user-media/previews/full/267/267387.png?modified=1647351376","width":1280,"height":800,"thumbnailURL":"https://addons.mozilla.org/user-media/previews/thumbs/267/267387.jpg?modified=1647351376","thumbnailWidth":533,"thumbnailHeight":333},{"url":"https://addons.mozilla.org/user-media/previews/full/267/267388.png?modified=1647351376","width":1280,"height":800,"thumbnailURL":"https://addons.mozilla.org/user-media/previews/thumbs/267/267388.jpg?modified=1647351376","thumbnailWidth":533,"thumbnailHeight":333},{"url":"https://addons.mozilla.org/user-media/previews/full/267/267389.png?modified=1647351376","width":1280,"height":800,"thumbnailURL":"https://addons.mozilla.org/user-media/previews/thumbs/267/267389.jpg?modified=1647351376","thumbnailWidth":533,"thumbnailHeight":333},{"url":"https://addons.mozilla.org/user-media/previews/full/267/267390.png?modified=1647351376","width":1280,"height":800,"thumbnailURL":"https://addons.mozilla.org/user-media/previews/thumbs/267/267390.jpg?modified=1647351376","thumbnailWidth":533,"thumbnailHeight":333}],"contributionURL":"","averageRating":4.7259,"reviewCount":1389,"reviewURL":"https://addons.mozilla.org/en-US/firefox/addon/adguard-adblocker/reviews/","updateDate":1671024949000}]}