{"version":3,"url_overrides":{},"prefs":{"websites.hyperlinkAuditingEnabled":{"initialValue":{},"precedenceList":[{"id":"jid1-MnnxcxisBPnSXQ@jetpack","installDate":1671203131698,"value":false,"enabled":true},{"id":"uBlock0@raymondhill.net","installDate":1671203113209,"value":false,"enabled":true}]},"network.networkPredictionEnabled":{"initialValue":{},"precedenceList":[{"id":"jid1-MnnxcxisBPnSXQ@jetpack","installDate":1671203131698,"value":false,"enabled":true},{"id":"uBlock0@raymondhill.net","installDate":1671203113209,"value":false,"enabled":true}]},"websites.trackingProtectionMode":{"initialValue":{},"precedenceList":[{"id":"{3e4d2037-d300-4e95-859d-3cba866f46d3}","installDate":1671203150860,"value":false,"enabled":true}]},"websites.resistFingerprinting":{"initialValue":{},"precedenceList":[{"id":"{3e4d2037-d300-4e95-859d-3cba866f46d3}","installDate":1671203150860,"value":false,"enabled":true}]},"proxy.settings":{"initialValue":{},"precedenceList":[{"id":"{3e4d2037-d300-4e95-859d-3cba866f46d3}","installDate":1671203150860,"value":{"proxyType":"system","autoConfigUrl":"","autoLogin":false,"proxyDNS":false,"httpProxyAll":false,"socksVersion":5,"passthrough":"","http":"","ssl":"","socks":""},"enabled":true}]}},"commands":{},"homepageNotification":{},"tabHideNotification":{},"default_search":{},"newTabNotification":{}}