{"schema":6,"addons":[{"id":"chrome-gnome-shell@gnome.org","icons":{"32":"https://addons.mozilla.org/user-media/addon_icons/751/751081-32.png?modified=1657695640","64":"https://addons.mozilla.org/user-media/addon_icons/751/751081-64.png?modified=1657695640","128":"https://addons.mozilla.org/user-media/addon_icons/751/751081-128.png?modified=1657695640"},"name":"GNOME Shell integration","version":"11.1","sourceURI":"https://addons.mozilla.org/firefox/downloads/file/3974897/gnome_shell_integration-11.1.xpi","homepageURL":"https://wiki.gnome.org/Projects/GnomeShellIntegrationForChrome","supportURL":"https://gitlab.gnome.org/GNOME/gnome-browser-extension","description":"This extension provides integration with GNOME Shell and the corresponding extensions repository https://extensions.gnome.org","fullDescription":"You MUST install native connector for this extension to work.\n\nFor Arch Linux, Debian, Fedora, Gentoo and Ubuntu you can install package named \"chrome-gnome-shell\".\n\nYou also can install connector manually. See https://wiki.gnome.org/Projects/GnomeShellIntegrationForChrome/Installation for install instructions.","weeklyDownloads":1150,"type":"extension","creator":{"name":"Yuri Konotopov","url":"https://addons.mozilla.org/en-US/firefox/user/12725919/"},"developers":[],"screenshots":[{"url":"https://addons.mozilla.org/user-media/previews/full/183/183915.png?modified=1622132636","width":700,"height":438,"thumbnailURL":"https://addons.mozilla.org/user-media/previews/thumbs/183/183915.jpg?modified=1622132636","thumbnailWidth":533,"thumbnailHeight":334}],"contributionURL":"","averageRating":4.3348,"reviewCount":77,"reviewURL":"https://addons.mozilla.org/en-US/firefox/addon/gnome-shell-integration/reviews/","updateDate":1657643125000}]}